NAME,"Dead Line","Begin","End",Place,"Web Site"
STOC2014,"2013/11/11","2014/6/1","2014/6/3","New York, USA","http://www.columbia.edu/~cs2035/stoc/stoc2014/"
ICALP2014,"2014/2/14","2014/7/8","2014/7/11","Copenhagen, Denmark","http://icalp2014.itu.dk/"
COCOON2014,"2014/2/15","2014/8/4","2014/8/6","Atlanta, GA, USA","http://www.cs.gsu.edu/COCOON2014/"
FOCS2014,"2014/4/2","2014/10/19","2014/10/21","Philadelphia, Pennsylvania, USA","http://www.boazbarak.org/focs14/"
ESA2014,"2014/4/18","2014/9/8","2014/9/10","Wrocław, Poland","http://algo2014.ii.uni.wroc.pl/esa/"
ISAAC2014,"2014/6/16","2014/12/15","2014/12/17","Jeonju, Korea","http://tcs.postech.ac.kr/isaac2014/"
WAOA2014,"2014/6/20","2014/9/11","2014/9/12","Wrocław, Poland","http://algo2014.ii.uni.wroc.pl/waoa/"
SODA2015,"2014/7/2","2015/1/4","2014/1/6","San Diego, California, USA","http://www.siam.org/meetings/da15/"
ISMP2015,"","2015/7/12","2015/7/17","Pittsburgh, Pennsylvania, USA","http://www.ismp2015.org/"
